Файл;Тип;Статус;Ключ;Новое Имя;Путь
Operation_Check_PJSC_Sberbank_04022026 (1).pdf;Check;Not Found (Archive);"=""10673342243425915369""";;
Operation_Check_PJSC_Sberbank_04022026 (10).pdf;Check;Not Found (Archive);"=""10673342243426038067""";;
Operation_Check_PJSC_Sberbank_04022026 (100).pdf;Check;Not Found (Archive);"=""10673342243411545335""";;
Operation_Check_PJSC_Sberbank_04022026 (11).pdf;Check;Not Found (Archive);"=""10673342243426343512""";;
Operation_Check_PJSC_Sberbank_04022026 (19).pdf;Check;Not Found (Archive);"=""10673342243425751854""";;
Operation_Check_PJSC_Sberbank_04022026 (20).pdf;Check;Not Found (Archive);"=""10673342243425686890""";;
Operation_Check_PJSC_Sberbank_04022026 (21).pdf;Check;Not Found (Archive);"=""10673342243425686890""";;
Operation_Check_PJSC_Sberbank_04022026 (22).pdf;Check;Not Found (Archive);"=""10673342243425686890""";;
Operation_Check_PJSC_Sberbank_04022026 (23).pdf;Check;Not Found (Archive);"=""10673342243425685223""";;
Operation_Check_PJSC_Sberbank_04022026 (24).pdf;Check;Not Found (Archive);"=""10673342243424643381""";;
Operation_Check_PJSC_Sberbank_04022026 (25).pdf;Check;Not Found (Archive);"=""10673342243424781444""";;
Operation_Check_PJSC_Sberbank_04022026 (26).pdf;Check;Not Found (Archive);"=""10673342243424781512""";;
Operation_Check_PJSC_Sberbank_04022026 (27).pdf;Check;Not Found (Archive);"=""10673342243424643381""";;
Operation_Check_PJSC_Sberbank_04022026 (28).pdf;Check;Not Found (Archive);"=""10673342243424781444""";;
Operation_Check_PJSC_Sberbank_04022026 (29).pdf;Check;Not Found (Archive);"=""10673342243424781512""";;
Operation_Check_PJSC_Sberbank_04022026 (3).pdf;Check;Not Found (Archive);"=""10673342243426255631""";;
Operation_Check_PJSC_Sberbank_04022026 (30).pdf;Check;Not Found (Archive);"=""10673342243425751854""";;
Operation_Check_PJSC_Sberbank_04022026 (31).pdf;Check;Not Found (Archive);"=""10673342243425686890""";;
Operation_Check_PJSC_Sberbank_04022026 (32).pdf;Check;Not Found (Archive);"=""10673342243425686890""";;
Operation_Check_PJSC_Sberbank_04022026 (33).pdf;Check;Not Found (Archive);"=""10673342243425685223""";;
Operation_Check_PJSC_Sberbank_04022026 (34).pdf;Check;Not Found (Archive);"=""10673342243424643381""";;
Operation_Check_PJSC_Sberbank_04022026 (35).pdf;Check;Not Found (Archive);"=""10673342243424781444""";;
Operation_Check_PJSC_Sberbank_04022026 (36).pdf;Check;Not Found (Archive);"=""10673342243424781512""";;
Operation_Check_PJSC_Sberbank_04022026 (37).pdf;Check;Not Found (Archive);"=""10673342243423015778""";;
Operation_Check_PJSC_Sberbank_04022026 (38).pdf;Check;Not Found (Archive);"=""10673342243423046721""";;
Operation_Check_PJSC_Sberbank_04022026 (39).pdf;Check;Not Found (Archive);"=""10673342243423673856""";;
Operation_Check_PJSC_Sberbank_04022026 (4).pdf;Check;Not Found (Archive);"=""10673342243426255631""";;
Operation_Check_PJSC_Sberbank_04022026 (40).pdf;Check;Not Found (Archive);"=""10673342243423467156""";;
Operation_Check_PJSC_Sberbank_04022026 (41).pdf;Check;Not Found (Archive);"=""10673342243418690004""";;
Operation_Check_PJSC_Sberbank_04022026 (42).pdf;Check;Not Found (Archive);"=""10673342243419049620""";;
Operation_Check_PJSC_Sberbank_04022026 (43).pdf;Check;Not Found (Archive);"=""10673342243419050130""";;
Operation_Check_PJSC_Sberbank_04022026 (44).pdf;Check;Not Found (Archive);"=""10673342243418926814""";;
Operation_Check_PJSC_Sberbank_04022026 (45).pdf;Check;Not Found (Archive);"=""10673342243419050130""";;
Operation_Check_PJSC_Sberbank_04022026 (46).pdf;Check;Not Found (Archive);"=""10673342243418891220""";;
Operation_Check_PJSC_Sberbank_04022026 (47).pdf;Check;Not Found (Archive);"=""10673342243421438078""";;
Operation_Check_PJSC_Sberbank_04022026 (48).pdf;Check;Not Found (Archive);"=""10673342243421633571""";;
Operation_Check_PJSC_Sberbank_04022026 (49).pdf;Check;Not Found (Archive);"=""10673342243421942159""";;
Operation_Check_PJSC_Sberbank_04022026 (5).pdf;Check;Not Found (Archive);"=""10673342243426238867""";;
Operation_Check_PJSC_Sberbank_04022026 (50).pdf;Check;Not Found (Archive);"=""10673342243419593681""";;
Operation_Check_PJSC_Sberbank_04022026 (51).pdf;Check;Not Found (Archive);"=""10673342243419357538""";;
Operation_Check_PJSC_Sberbank_04022026 (52).pdf;Check;Not Found (Archive);"=""10673342243419324591""";;
Operation_Check_PJSC_Sberbank_04022026 (53).pdf;Check;Not Found (Archive);"=""10673342243420008517""";;
Operation_Check_PJSC_Sberbank_04022026 (54).pdf;Check;Not Found (Archive);"=""10673342243419769909""";;
Operation_Check_PJSC_Sberbank_04022026 (55).pdf;Check;Not Found (Archive);"=""10673342243420442398""";;
Operation_Check_PJSC_Sberbank_04022026 (56).pdf;Check;Not Found (Archive);"=""10673342243420948420""";;
Operation_Check_PJSC_Sberbank_04022026 (57).pdf;Check;Not Found (Archive);"=""10673342243420688399""";;
Operation_Check_PJSC_Sberbank_04022026 (58).pdf;Check;Not Found (Archive);"=""10673342243420614549""";;
Operation_Check_PJSC_Sberbank_04022026 (59).pdf;Check;Not Found (Archive);"=""10673342243416818151""";;
Operation_Check_PJSC_Sberbank_04022026 (6).pdf;Check;Not Found (Archive);"=""10673342243426110216""";;
Operation_Check_PJSC_Sberbank_04022026 (60).pdf;Check;Not Found (Archive);"=""10673342243416742317""";;
Operation_Check_PJSC_Sberbank_04022026 (61).pdf;Check;Not Found (Archive);"=""10673342243417171135""";;
Operation_Check_PJSC_Sberbank_04022026 (62).pdf;Check;Not Found (Archive);"=""10673342243417533487""";;
Operation_Check_PJSC_Sberbank_04022026 (63).pdf;Check;Not Found (Archive);"=""10673342243417506943""";;
Operation_Check_PJSC_Sberbank_04022026 (64).pdf;Check;Not Found (Archive);"=""10673342243417506943""";;
Operation_Check_PJSC_Sberbank_04022026 (65).pdf;Check;Not Found (Archive);"=""10673342243418152109""";;
Operation_Check_PJSC_Sberbank_04022026 (66).pdf;Check;Not Found (Archive);"=""10673342243417929674""";;
Operation_Check_PJSC_Sberbank_04022026 (67).pdf;Check;Not Found (Archive);"=""10673342243418556170""";;
Operation_Check_PJSC_Sberbank_04022026 (68).pdf;Check;Not Found (Archive);"=""10673342243418466937""";;
Operation_Check_PJSC_Sberbank_04022026 (69).pdf;Check;Not Found (Archive);"=""10673342243418357542""";;
Operation_Check_PJSC_Sberbank_04022026 (7).pdf;Check;Not Found (Archive);"=""10673342243426064184""";;
Operation_Check_PJSC_Sberbank_04022026 (70).pdf;Check;Not Found (Archive);"=""10673342243414976140""";;
Operation_Check_PJSC_Sberbank_04022026 (71).pdf;Check;Not Found (Archive);"=""10673342243416068608""";;
Operation_Check_PJSC_Sberbank_04022026 (72).pdf;Check;Not Found (Archive);"=""10673342243415929693""";;
Operation_Check_PJSC_Sberbank_04022026 (73).pdf;Check;Not Found (Archive);"=""10673342243415868287""";;
Operation_Check_PJSC_Sberbank_04022026 (74).pdf;Check;Not Found (Archive);"=""10673342243416589896""";;
Operation_Check_PJSC_Sberbank_04022026 (75).pdf;Check;Not Found (Archive);"=""10673342243413324654""";;
Operation_Check_PJSC_Sberbank_04022026 (76).pdf;Check;Not Found (Archive);"=""10673342243413324433""";;
Operation_Check_PJSC_Sberbank_04022026 (77).pdf;Check;Not Found (Archive);"=""10673342243413208310""";;
Operation_Check_PJSC_Sberbank_04022026 (78).pdf;Check;Not Found (Archive);"=""10673342243413763917""";;
Operation_Check_PJSC_Sberbank_04022026 (79).pdf;Check;Not Found (Archive);"=""10673342243413725063""";;
Operation_Check_PJSC_Sberbank_04022026 (8).pdf;Check;Not Found (Archive);"=""10673342243426064184""";;
Operation_Check_PJSC_Sberbank_04022026 (80).pdf;Check;Not Found (Archive);"=""10673342243413518866""";;
Operation_Check_PJSC_Sberbank_04022026 (81).pdf;Check;Not Found (Archive);"=""10673342243413615616""";;
Operation_Check_PJSC_Sberbank_04022026 (82).pdf;Check;Not Found (Archive);"=""10673342243413472369""";;
Operation_Check_PJSC_Sberbank_04022026 (83).pdf;Check;Not Found (Archive);"=""10673342243413373302""";;
Operation_Check_PJSC_Sberbank_04022026 (84).pdf;Check;Not Found (Archive);"=""10673342243413337903""";;
Operation_Check_PJSC_Sberbank_04022026 (85).pdf;Check;Not Found (Archive);"=""10673342243414066705""";;
Operation_Check_PJSC_Sberbank_04022026 (86).pdf;Check;Not Found (Archive);"=""10673342243414892753""";;
Operation_Check_PJSC_Sberbank_04022026 (87).pdf;Check;Not Found (Archive);"=""10673342243414734910""";;
Operation_Check_PJSC_Sberbank_04022026 (88).pdf;Check;Not Found (Archive);"=""10673342243414628169""";;
Operation_Check_PJSC_Sberbank_04022026 (89).pdf;Check;Not Found (Archive);"=""10673342243414596819""";;
Operation_Check_PJSC_Sberbank_04022026 (9).pdf;Check;Not Found (Archive);"=""10673342243426064184""";;
Operation_Check_PJSC_Sberbank_04022026 (90).pdf;Check;Not Found (Archive);"=""10673342243414497471""";;
Operation_Check_PJSC_Sberbank_04022026 (91).pdf;Check;Not Found (Archive);"=""10673342243414487336""";;
Operation_Check_PJSC_Sberbank_04022026 (92).pdf;Check;Not Found (Archive);"=""10673342243414484280""";;
Operation_Check_PJSC_Sberbank_04022026 (93).pdf;Check;Not Found (Archive);"=""10673342243414466894""";;
Operation_Check_PJSC_Sberbank_04022026 (94).pdf;Check;Not Found (Archive);"=""10673342243414426884""";;
Operation_Check_PJSC_Sberbank_04022026 (95).pdf;Check;Not Found (Archive);"=""10673342243409857813""";;
Operation_Check_PJSC_Sberbank_04022026 (96).pdf;Check;Not Found (Archive);"=""10673342243411379222""";;
Operation_Check_PJSC_Sberbank_04022026 (97).pdf;Check;Not Found (Archive);"=""10673342243411355455""";;
Operation_Check_PJSC_Sberbank_04022026 (98).pdf;Check;Not Found (Archive);"=""10673342243411323782""";;
Operation_Check_PJSC_Sberbank_04022026 (99).pdf;Check;Not Found (Archive);"=""10673342243411562299""";;
Operation_Check_PJSC_Sberbank_04022026 - 2026-02-04T135746.822.pdf;Check;Not Found (Archive);"=""10673342243411542085""";;
Operation_Check_PJSC_Sberbank_04022026 - 2026-02-04T135847.763.pdf;Check;Not Found (Archive);"=""10673342243411542085""";;
Operation_Check_PJSC_Sberbank_04022026 - 2026-02-04T135855.481.pdf;Check;Not Found (Archive);"=""10673342243411540848""";;
Operation_Check_PJSC_Sberbank_04022026 - 2026-02-04T135902.842.pdf;Check;Not Found (Archive);"=""10673342243411501591""";;
Operation_Check_PJSC_Sberbank_04022026 - 2026-02-04T135941.959.pdf;Check;Not Found (Archive);"=""10673342243412895666""";;
Operation_Check_PJSC_Sberbank_04022026 - 2026-02-04T140726.903.pdf;Check;Not Found (Archive);"=""10673342243409099102""";;
Operation_Check_PJSC_Sberbank_04022026 - 2026-02-04T140733.899.pdf;Check;Not Found (Archive);"=""10673342243409000394""";;
Operation_Check_PJSC_Sberbank_04022026 - 2026-02-04T140742.246.pdf;Check;Not Found (Archive);"=""10673342243409658799""";;
Operation_Check_PJSC_Sberbank_04022026 - 2026-02-04T140751.605.pdf;Check;Not Found (Archive);"=""10673342243409427894""";;
Operation_Check_PJSC_Sberbank_04022026 - 2026-02-04T140802.100.pdf;Check;Not Found (Archive);"=""10673342243409366372""";;
Operation_Check_PJSC_Sberbank_04022026 - 2026-02-04T140814.432.pdf;Check;Not Found (Archive);"=""10673342243409375851""";;
Operation_Check_PJSC_Sberbank_04022026 - 2026-02-04T140820.810.pdf;Check;Not Found (Archive);"=""10673342243410269121""";;
Operation_Check_PJSC_Sberbank_04022026 - 2026-02-04T140827.252.pdf;Check;Not Found (Archive);"=""10673342243410230543""";;
Operation_Check_PJSC_Sberbank_04022026 - 2026-02-04T140834.735.pdf;Check;Not Found (Archive);"=""10673342243410070525""";;
Operation_Check_PJSC_Sberbank_04022026 - 2026-02-04T140841.523.pdf;Check;Not Found (Archive);"=""10673342243409941091""";;
Operation_Check_PJSC_Sberbank_04022026 - 2026-02-04T140939.310.pdf;Check;Not Found (Archive);"=""10673342243410808898""";;
Operation_Check_PJSC_Sberbank_04022026 - 2026-02-04T141022.062.pdf;Check;Not Found (Archive);"=""10673342243407282511""";;
Operation_Check_PJSC_Sberbank_04022026 - 2026-02-04T141029.910.pdf;Check;Not Found (Archive);"=""10673342243407825434""";;
Operation_Check_PJSC_Sberbank_04022026 - 2026-02-04T141038.080.pdf;Check;Not Found (Archive);"=""10673342243407699552""";;
Operation_Check_PJSC_Sberbank_04022026 - 2026-02-04T141046.504.pdf;Check;Not Found (Archive);"=""10673342243408215818""";;
Operation_Check_PJSC_Sberbank_04022026 - 2026-02-04T141058.782.pdf;Check;Not Found (Archive);"=""10673342243408047885""";;
Operation_Check_PJSC_Sberbank_04022026 - 2026-02-04T141106.048.pdf;Check;Not Found (Archive);"=""10673342243407996417""";;
Operation_Check_PJSC_Sberbank_04022026 - 2026-02-04T141119.086.pdf;Check;Not Found (Archive);"=""10673342243408316339""";;
Operation_Check_PJSC_Sberbank_04022026 - 2026-02-04T141125.794.pdf;Check;Not Found (Archive);"=""10673342243408296028""";;
Operation_Check_PJSC_Sberbank_04022026 - 2026-02-04T141152.135.pdf;Check;Not Found (Archive);"=""10673342243408278925""";;
Operation_Check_PJSC_Sberbank_04022026 - 2026-02-04T141158.135.pdf;Check;Not Found (Archive);"=""10673342243408296028""";;
Operation_Check_PJSC_Sberbank_04022026 - 2026-02-04T141206.204.pdf;Check;Not Found (Archive);"=""10673342243408678281""";;
Operation_Check_PJSC_Sberbank_04022026 - 2026-02-04T141216.757.pdf;Check;Not Found (Archive);"=""10673342243408677234""";;
Operation_Check_PJSC_Sberbank_04022026 - 2026-02-04T141223.877.pdf;Check;Not Found (Archive);"=""10673342243408602307""";;
Operation_Check_PJSC_Sberbank_04022026 - 2026-02-04T141230.617.pdf;Check;Not Found (Archive);"=""10673342243408601424""";;
Operation_Check_PJSC_Sberbank_04022026 - 2026-02-04T141321.496.pdf;Check;Not Found (Archive);"=""10673342233404259862""";;
Operation_Check_PJSC_Sberbank_04022026 - 2026-02-04T141457.332.pdf;Check;Not Found (Archive);"=""10673342233405956877""";;
Operation_Check_PJSC_Sberbank_04022026 - 2026-02-04T141504.620.pdf;Check;Not Found (Archive);"=""10673342233406122457""";;
Operation_Check_PJSC_Sberbank_04022026 - 2026-02-04T141511.556.pdf;Check;Not Found (Archive);"=""10673342243406353814""";;
Operation_Check_PJSC_Sberbank_04022026 - 2026-02-04T141518.054.pdf;Check;Not Found (Archive);"=""10673342243406786494""";;
Operation_Check_PJSC_Sberbank_04022026 - 2026-02-04T141525.561.pdf;Check;Not Found (Archive);"=""10673342243406786494""";;
Operation_Check_PJSC_Sberbank_04022026.pdf;Check;Not Found (Archive);"=""10673342243425943613""";;
report (29).pdf;Check;Not Found (Archive);"=""10673342253420415128""";;
report (37).pdf;Check;Not Found (Archive);"=""10673342253432779571""";;
report (40).pdf;Check;Not Found (Archive);"=""10673342253432858943""";;
report (75).pdf;Check;Not Found (Archive);"=""10673342253441998361""";;
report (76).pdf;Check;Not Found (Archive);"=""10673342253442106227""";;
report (77).pdf;Check;Not Found (Archive);"=""10673342253441921644""";;
report (78).pdf;Check;Not Found (Archive);"=""10673342253441943060""";;
Operation_Check_PJSC_Sberbank_04022026 (1).pdf;Check;Not Found (Archive);"=""10673342243444971112""";;
Operation_Check_PJSC_Sberbank_04022026 (15).pdf;Check;Not Found (Archive);"=""10673342243443811804""";;
Operation_Check_PJSC_Sberbank_04022026 (16).pdf;Check;Not Found (Archive);"=""10673342243443797240""";;
Operation_Check_PJSC_Sberbank_04022026 (18).pdf;Check;Not Found (Archive);"=""10673342243443715155""";;
Operation_Check_PJSC_Sberbank_04022026 (19).pdf;Check;Not Found (Archive);"=""10673342243443715783""";;
Operation_Check_PJSC_Sberbank_04022026 (2).pdf;Check;Not Found (Archive);"=""10673342243444944875""";;
Operation_Check_PJSC_Sberbank_04022026 (25).pdf;Check;Not Found (Archive);"=""10673342243437985022""";;
Operation_Check_PJSC_Sberbank_04022026 (26).pdf;Check;Not Found (Archive);"=""10673342243437956766""";;
Operation_Check_PJSC_Sberbank_04022026 (27).pdf;Check;Not Found (Archive);"=""10673342243438918035""";;
Operation_Check_PJSC_Sberbank_04022026 (28).pdf;Check;Not Found (Archive);"=""10673342243438708263""";;
Operation_Check_PJSC_Sberbank_04022026 (29).pdf;Check;Not Found (Archive);"=""10673342243438607595""";;
Operation_Check_PJSC_Sberbank_04022026 (3).pdf;Check;Not Found (Archive);"=""10673342243444733769""";;
Operation_Check_PJSC_Sberbank_04022026 (30).pdf;Check;Not Found (Archive);"=""10673342243439160101""";;
Operation_Check_PJSC_Sberbank_04022026 (31).pdf;Check;Not Found (Archive);"=""10673342243439719109""";;
Operation_Check_PJSC_Sberbank_04022026 (32).pdf;Check;Not Found (Archive);"=""10673342243439431385""";;
Operation_Check_PJSC_Sberbank_04022026 (33).pdf;Check;Not Found (Archive);"=""10673342243439404051""";;
Operation_Check_PJSC_Sberbank_04022026 (34).pdf;Check;Not Found (Archive);"=""10673342243440595957""";;
Operation_Check_PJSC_Sberbank_04022026 (35).pdf;Check;Not Found (Archive);"=""10673342243440359854""";;
Operation_Check_PJSC_Sberbank_04022026 (39).pdf;Check;Not Found (Archive);"=""10673342243440903597""";;
Operation_Check_PJSC_Sberbank_04022026 (4).pdf;Check;Not Found (Archive);"=""10673342243446155452""";;
Operation_Check_PJSC_Sberbank_04022026 (42).pdf;Check;Not Found (Archive);"=""10673342243434880963""";;
Operation_Check_PJSC_Sberbank_04022026 (43).pdf;Check;Not Found (Archive);"=""10673342243434872618""";;
Operation_Check_PJSC_Sberbank_04022026 (44).pdf;Check;Not Found (Archive);"=""10673342243434488230""";;
Operation_Check_PJSC_Sberbank_04022026 (45).pdf;Check;Not Found (Archive);"=""10673342243435675301""";;
Operation_Check_PJSC_Sberbank_04022026 (46).pdf;Check;Not Found (Archive);"=""10673342243435994822""";;
Operation_Check_PJSC_Sberbank_04022026 (47).pdf;Check;Not Found (Archive);"=""10673342243435808743""";;
Operation_Check_PJSC_Sberbank_04022026 (48).pdf;Check;Not Found (Archive);"=""10673342243435730981""";;
Operation_Check_PJSC_Sberbank_04022026 (49).pdf;Check;Not Found (Archive);"=""10673342243436430329""";;
Operation_Check_PJSC_Sberbank_04022026 (5).pdf;Check;Not Found (Archive);"=""10673342243445772571""";;
Operation_Check_PJSC_Sberbank_04022026 (50).pdf;Check;Not Found (Archive);"=""10673342243437068933""";;
Operation_Check_PJSC_Sberbank_04022026 (51).pdf;Check;Not Found (Archive);"=""10673342243436877439""";;
Operation_Check_PJSC_Sberbank_04022026 (52).pdf;Check;Not Found (Archive);"=""10673342243436752377""";;
Operation_Check_PJSC_Sberbank_04022026 (53).pdf;Check;Not Found (Archive);"=""10673342243429217917""";;
Operation_Check_PJSC_Sberbank_04022026 (54).pdf;Check;Not Found (Archive);"=""10673342243427465522""";;
Operation_Check_PJSC_Sberbank_04022026 (59).pdf;Check;Not Found (Archive);"=""10673342243433748271""";;
Operation_Check_PJSC_Sberbank_04022026 (6).pdf;Check;Not Found (Archive);"=""10673342243446352495""";;
Operation_Check_PJSC_Sberbank_04022026 (60).pdf;Check;Not Found (Archive);"=""10673342243434393841""";;
Operation_Check_PJSC_Sberbank_04022026 (61).pdf;Check;Not Found (Archive);"=""10673342243434028019""";;
Operation_Check_PJSC_Sberbank_04022026 (62).pdf;Check;Not Found (Archive);"=""10673342243430288105""";;
Operation_Check_PJSC_Sberbank_04022026 (67).pdf;Check;Not Found (Archive);"=""10673342243425496978""";;
Operation_Check_PJSC_Sberbank_04022026 (69).pdf;Check;Not Found (Archive);"=""10673342243428494933""";;
Operation_Check_PJSC_Sberbank_04022026 (70).pdf;Check;Not Found (Archive);"=""10673342243429132067""";;
Operation_Check_PJSC_Sberbank_04022026 (71).pdf;Check;Not Found (Archive);"=""10673342243429349354""";;
Operation_Check_PJSC_Sberbank_04022026 (72).pdf;Check;Not Found (Archive);"=""10673342243430009915""";;
Operation_Check_PJSC_Sberbank_04022026 (73).pdf;Check;Not Found (Archive);"=""10673342243430003313""";;
Operation_Check_PJSC_Sberbank_04022026.pdf;Check;Not Found (Archive);"=""10673342243445166833""";;
Operation_Check_PJSC_Sberbank_04022026 (1).pdf;Check;Not Found (Archive);"=""10673342243455990865""";;
Operation_Check_PJSC_Sberbank_04022026 (12).pdf;Check;Not Found (Archive);"=""10673342243452220430""";;
Operation_Check_PJSC_Sberbank_04022026 (13).pdf;Check;Not Found (Archive);"=""10673342243452102900""";;
Operation_Check_PJSC_Sberbank_04022026 (14).pdf;Check;Not Found (Archive);"=""10673342243451912444""";;
Operation_Check_PJSC_Sberbank_04022026 (16).pdf;Check;Not Found (Archive);"=""10673342243451790764""";;
Operation_Check_PJSC_Sberbank_04022026 (17).pdf;Check;Not Found (Archive);"=""10673342243451754296""";;
Operation_Check_PJSC_Sberbank_04022026 (18).pdf;Check;Not Found (Archive);"=""10673342243452832827""";;
Operation_Check_PJSC_Sberbank_04022026 (2).pdf;Check;Not Found (Archive);"=""10673342243456761444""";;
Operation_Check_PJSC_Sberbank_04022026 (20).pdf;Check;Not Found (Archive);"=""10673342243452657960""";;
Operation_Check_PJSC_Sberbank_04022026 (21).pdf;Check;Not Found (Archive);"=""10673342243452609052""";;
Operation_Check_PJSC_Sberbank_04022026 (22).pdf;Check;Not Found (Archive);"=""10673342243452609052""";;
Operation_Check_PJSC_Sberbank_04022026 (26).pdf;Check;Not Found (Archive);"=""18810566240617741725""";;
Operation_Check_PJSC_Sberbank_04022026 (3).pdf;Check;Not Found (Archive);"=""10673342243456599078""";;
Operation_Check_PJSC_Sberbank_04022026 (30).pdf;Check;Not Found (Archive);"=""10673342243454031554""";;
Operation_Check_PJSC_Sberbank_04022026 (31).pdf;Check;Not Found (Archive);"=""10673342243453881902""";;
Operation_Check_PJSC_Sberbank_04022026 (32).pdf;Check;Not Found (Archive);"=""10673342243453603180""";;
Operation_Check_PJSC_Sberbank_04022026 (33).pdf;Check;Not Found (Archive);"=""10673342243454595431""";;
Operation_Check_PJSC_Sberbank_04022026 (34).pdf;Check;Not Found (Archive);"=""10673342243454411748""";;
Operation_Check_PJSC_Sberbank_04022026 (35).pdf;Check;Not Found (Archive);"=""10673342243454347705""";;
Operation_Check_PJSC_Sberbank_04022026 (37).pdf;Check;Not Found (Archive);"=""10673342243454303546""";;
Operation_Check_PJSC_Sberbank_04022026 (38).pdf;Check;Not Found (Archive);"=""10673342243454293397""";;
Operation_Check_PJSC_Sberbank_04022026 (39).pdf;Check;Not Found (Archive);"=""10673342243454239139""";;
Operation_Check_PJSC_Sberbank_04022026 (4).pdf;Check;Not Found (Archive);"=""10673342243456496295""";;
Operation_Check_PJSC_Sberbank_04022026 (40).pdf;Check;Not Found (Archive);"=""10673342243449712212""";;
Operation_Check_PJSC_Sberbank_04022026 (41).pdf;Check;Not Found (Archive);"=""10673342243450387153""";;
Operation_Check_PJSC_Sberbank_04022026 (42).pdf;Check;Not Found (Archive);"=""10673342243450298602""";;
Operation_Check_PJSC_Sberbank_04022026 (46).pdf;Check;Not Found (Archive);"=""10673342243450716204""";;
Operation_Check_PJSC_Sberbank_04022026 (47).pdf;Check;Not Found (Archive);"=""10673342243450720479""";;
Operation_Check_PJSC_Sberbank_04022026 (48).pdf;Check;Not Found (Archive);"=""10673342243450694109""";;
Operation_Check_PJSC_Sberbank_04022026 (49).pdf;Check;Not Found (Archive);"=""10673342243450653119""";;
Operation_Check_PJSC_Sberbank_04022026 (5).pdf;Check;Not Found (Archive);"=""10673342243456928195""";;
Operation_Check_PJSC_Sberbank_04022026 (50).pdf;Check;Not Found (Archive);"=""10673342243450595984""";;
Operation_Check_PJSC_Sberbank_04022026 (52).pdf;Check;Not Found (Archive);"=""10673342243450569134""";;
Operation_Check_PJSC_Sberbank_04022026 (57).pdf;Check;Not Found (Archive);"=""18810577240530183648""";;
Operation_Check_PJSC_Sberbank_04022026 (6).pdf;Check;Not Found (Archive);"=""10673342243457395980""";;
Operation_Check_PJSC_Sberbank_04022026 (60).pdf;Check;Not Found (Archive);"=""10673342243447442781""";;
Operation_Check_PJSC_Sberbank_04022026 (61).pdf;Check;Not Found (Archive);"=""10673342243447427499""";;
Operation_Check_PJSC_Sberbank_04022026 (62).pdf;Check;Not Found (Archive);"=""10673342243447388329""";;
Operation_Check_PJSC_Sberbank_04022026 (63).pdf;Check;Not Found (Archive);"=""10673342243447374263""";;
Operation_Check_PJSC_Sberbank_04022026 (65).pdf;Check;Not Found (Archive);"=""10673342243447915566""";;
Operation_Check_PJSC_Sberbank_04022026 (66).pdf;Check;Not Found (Archive);"=""10673342243447890709""";;
Operation_Check_PJSC_Sberbank_04022026 (67).pdf;Check;Not Found (Archive);"=""10673342243448789084""";;
Operation_Check_PJSC_Sberbank_04022026 (68).pdf;Check;Not Found (Archive);"=""10673342243448779348""";;
Operation_Check_PJSC_Sberbank_04022026 (69).pdf;Check;Not Found (Archive);"=""10673342243449465851""";;
Operation_Check_PJSC_Sberbank_04022026 (7).pdf;Check;Not Found (Archive);"=""10673342243457395980""";;
Operation_Check_PJSC_Sberbank_04022026 (70).pdf;Check;Not Found (Archive);"=""10673342243449318204""";;
Operation_Check_PJSC_Sberbank_04022026 (71).pdf;Check;Not Found (Archive);"=""10673342243449198861""";;
Operation_Check_PJSC_Sberbank_04022026 (8).pdf;Check;Not Found (Archive);"=""10673342243457315901""";;
Operation_Check_PJSC_Sberbank_04022026 (9).pdf;Check;Not Found (Archive);"=""10673342243452302593""";;
Operation_Check_PJSC_Sberbank_04022026.pdf;Check;Not Found (Archive);"=""10673342243456117987""";;
Operation_Check_PJSC_Sberbank_04022026 (1).pdf;Check;Not Found (Archive);"=""10673342233404244792""";;
Operation_Check_PJSC_Sberbank_04022026 (10).pdf;Check;Not Found (Archive);"=""10673342233401661023""";;
Operation_Check_PJSC_Sberbank_04022026 (11).pdf;Check;Not Found (Archive);"=""10673342233401199427""";;
Operation_Check_PJSC_Sberbank_04022026 (12).pdf;Check;Not Found (Archive);"=""10673342233402466054""";;
Operation_Check_PJSC_Sberbank_04022026 (15).pdf;Check;Not Found (Archive);"=""10673342233496921158""";;
Operation_Check_PJSC_Sberbank_04022026 (16).pdf;Check;Not Found (Archive);"=""10673342233496347976""";;
Operation_Check_PJSC_Sberbank_04022026 (17).pdf;Check;Not Found (Archive);"=""10673342233496921158""";;
Operation_Check_PJSC_Sberbank_04022026 (18).pdf;Check;Not Found (Archive);"=""10673342233496347976""";;
Operation_Check_PJSC_Sberbank_04022026 (19).pdf;Check;Not Found (Archive);"=""10673342233496921158""";;
Operation_Check_PJSC_Sberbank_04022026 (2).pdf;Check;Not Found (Archive);"=""10673342233404756076""";;
Operation_Check_PJSC_Sberbank_04022026 (20).pdf;Check;Not Found (Archive);"=""10673342233497555580""";;
Operation_Check_PJSC_Sberbank_04022026 (21).pdf;Check;Not Found (Archive);"=""10673342233497627626""";;
Operation_Check_PJSC_Sberbank_04022026 (22).pdf;Check;Not Found (Archive);"=""10673342233496171088""";;
Operation_Check_PJSC_Sberbank_04022026 (26).pdf;Check;Not Found (Archive);"=""10673342233493889319""";;
Operation_Check_PJSC_Sberbank_04022026 (27).pdf;Check;Not Found (Archive);"=""10673342233493889319""";;
Operation_Check_PJSC_Sberbank_04022026 (28).pdf;Check;Not Found (Archive);"=""10673342233494390890""";;
Operation_Check_PJSC_Sberbank_04022026 (29).pdf;Check;Not Found (Archive);"=""10673342233494346174""";;
Operation_Check_PJSC_Sberbank_04022026 (3).pdf;Check;Not Found (Archive);"=""10673342233402828940""";;
Operation_Check_PJSC_Sberbank_04022026 (30).pdf;Check;Not Found (Archive);"=""10673342233494817703""";;
Operation_Check_PJSC_Sberbank_04022026 (31).pdf;Check;Not Found (Archive);"=""10673342233494817703""";;
Operation_Check_PJSC_Sberbank_04022026 (32).pdf;Check;Not Found (Archive);"=""10673342233494598130""";;
Operation_Check_PJSC_Sberbank_04022026 (33).pdf;Check;Not Found (Archive);"=""10673342233494817703""";;
Operation_Check_PJSC_Sberbank_04022026 (34).pdf;Check;Not Found (Archive);"=""10673342233494598130""";;
Operation_Check_PJSC_Sberbank_04022026 (35).pdf;Check;Not Found (Archive);"=""10673342233494346174""";;
Operation_Check_PJSC_Sberbank_04022026 (36).pdf;Check;Not Found (Archive);"=""10673342233494817703""";;
Operation_Check_PJSC_Sberbank_04022026 (37).pdf;Check;Not Found (Archive);"=""10673342233494598130""";;
Operation_Check_PJSC_Sberbank_04022026 (38).pdf;Check;Not Found (Archive);"=""10673342233491781112""";;
Operation_Check_PJSC_Sberbank_04022026 (39).pdf;Check;Not Found (Archive);"=""10673342233492165458""";;
Operation_Check_PJSC_Sberbank_04022026 (4).pdf;Check;Not Found (Archive);"=""10673342233405059662""";;
Operation_Check_PJSC_Sberbank_04022026 (40).pdf;Check;Not Found (Archive);"=""10673342233492715896""";;
Operation_Check_PJSC_Sberbank_04022026 (41).pdf;Check;Not Found (Archive);"=""10673342233489727637""";;
Operation_Check_PJSC_Sberbank_04022026 (42).pdf;Check;Not Found (Archive);"=""10673342233489651691""";;
Operation_Check_PJSC_Sberbank_04022026 (43).pdf;Check;Not Found (Archive);"=""10673342233489563006""";;
Operation_Check_PJSC_Sberbank_04022026 (44).pdf;Check;Not Found (Archive);"=""10673342233490013138""";;
Operation_Check_PJSC_Sberbank_04022026 (45).pdf;Check;Not Found (Archive);"=""10673342233489902927""";;
Operation_Check_PJSC_Sberbank_04022026 (46).pdf;Check;Not Found (Archive);"=""10673342233490466345""";;
Operation_Check_PJSC_Sberbank_04022026 (47).pdf;Check;Not Found (Archive);"=""10673342233490332470""";;
Operation_Check_PJSC_Sberbank_04022026 (48).pdf;Check;Not Found (Archive);"=""10673342233490974073""";;
Operation_Check_PJSC_Sberbank_04022026 (49).pdf;Check;Not Found (Archive);"=""10673342233490910849""";;
Operation_Check_PJSC_Sberbank_04022026 (5).pdf;Check;Not Found (Archive);"=""10673342233403104733""";;
Operation_Check_PJSC_Sberbank_04022026 (50).pdf;Check;Not Found (Archive);"=""10673342233491366646""";;
Operation_Check_PJSC_Sberbank_04022026 (51).pdf;Check;Not Found (Archive);"=""10673342233491227859""";;
Operation_Check_PJSC_Sberbank_04022026 (6).pdf;Check;Not Found (Archive);"=""10673342233403102838""";;
Operation_Check_PJSC_Sberbank_04022026 (7).pdf;Check;Not Found (Archive);"=""10673342233403104733""";;
Operation_Check_PJSC_Sberbank_04022026 (8).pdf;Check;Not Found (Archive);"=""10673342233403102838""";;
Operation_Check_PJSC_Sberbank_04022026 (9).pdf;Check;Not Found (Archive);"=""10673342233401199427""";;
Operation_Check_PJSC_Sberbank_04022026.pdf;Check;Not Found (Archive);"=""10673342233404244792""";;
05_report - 2025-04-03T111309.132.pdf;Check;Not Found (Archive);"=""10673342253445209310""";;
07_report - 2025-04-03T111309.132.pdf;Check;Not Found (Archive);"=""10673342253445259547""";;
10_report - 2025-04-03T111309.132.pdf;Check;Not Found (Archive);"=""10673342253447163588""";;
11_report - 2025-04-03T111309.132.pdf;Check;Not Found (Archive);"=""10673342253447449874""";;
12_report - 2025-04-03T111309.132.pdf;Check;Not Found (Archive);"=""10673342253447366464""";;
13_report - 2025-04-03T111309.132.pdf;Check;Not Found (Archive);"=""10673342253447496031""";;
14_report - 2025-04-03T111309.132.pdf;Check;Not Found (Archive);"=""10673342253446950227""";;
16_report - 2025-04-03T111309.132.pdf;Check;Not Found (Archive);"=""10673342253445838911""";;
17_report - 2025-04-03T111309.132.pdf;Check;Not Found (Archive);"=""10673342253445696467""";;
18_report - 2025-04-03T111309.132.pdf;Check;Not Found (Archive);"=""10673342253446591480""";;
19_report - 2025-04-03T111309.132.pdf;Check;Not Found (Archive);"=""10673342253446612470""";;
20_report - 2025-04-03T111309.132.pdf;Check;Not Found (Archive);"=""10673342253447502120""";;
21_report - 2025-04-03T111309.132.pdf;Check;Not Found (Archive);"=""10673342253447571289""";;
22_report - 2025-04-03T111309.132.pdf;Check;Not Found (Archive);"=""10673342253447684067""";;
report (53).pdf;Check;Not Found (Archive);"=""10673342253433241516""";;
report (54).pdf;Check;Not Found (Archive);"=""10673342253433327380""";;
03_111.pdf;Check;Not Found (Archive);"=""10673342253435520633""";;
07_111.pdf;Check;Not Found (Archive);"=""10673342253437745772""";;
12_111.pdf;Check;Not Found (Archive);"=""10673342253436137701""";;
13_111.pdf;Check;Not Found (Archive);"=""10673342253436503832""";;
14_111.pdf;Check;Not Found (Archive);"=""10673342253435810909""";;
15_111.pdf;Check;Not Found (Archive);"=""10673342253438737749""";;
16_111.pdf;Check;Not Found (Archive);"=""10673342253438900968""";;
report - 2024-11-21T095013.488.pdf;Check;Not Found (Archive);"=""10673342243479800918""";;
report - 2024-11-21T095041.825.pdf;Check;Not Found (Archive);"=""10673342243481016420""";;
report - 2024-11-21T095215.191.pdf;Check;Not Found (Archive);"=""10673342243481131815""";;
report - 2024-11-21T095402.230.pdf;Check;Not Found (Archive);"=""10673342243478659502""";;
01_report - 2025-06-04T135819.799.pdf;Check;Not Found (Archive);"=""10673342253409383314""";;
03_report - 2025-06-04T135819.799.pdf;Check;Not Found (Archive);"=""10673342253410267446""";;
05_report - 2025-06-04T135819.799.pdf;Check;Not Found (Archive);"=""10673342253409534045""";;
07_report - 2025-06-04T135819.799.pdf;Check;Not Found (Archive);"=""10673342253409952408""";;
09_report - 2025-06-04T135819.799.pdf;Check;Not Found (Archive);"=""10673342253406632186""";;
12_report - 2025-06-04T135819.799.pdf;Check;Not Found (Archive);"=""10673342253407135828""";;
report (27).pdf;Check;Not Found (Archive);"=""10673342253460380769""";;
report (29).pdf;Check;Not Found (Archive);"=""10673342253459275280""";;
report (32).pdf;Check;Not Found (Archive);"=""10673342253459150143""";;
report (33).pdf;Check;Not Found (Archive);"=""10673342253460396878""";;
report (34).pdf;Check;Not Found (Archive);"=""10673342253460972240""";;
report (35).pdf;Check;Not Found (Archive);"=""10673342253459081464""";;
report (37).pdf;Check;Not Found (Archive);"=""10673342253459013405""";;
report (24).pdf;Check;Not Found (Archive);"=""10673342253461033868""";;
report (54).pdf;Check;Not Found (Archive);"=""10673342253468836753""";;
01_report (33).pdf;Check;Not Found (Archive);"=""10673342253418254726""";;
02_report (33).pdf;Check;Not Found (Archive);"=""10673342253418266821""";;
02_report (34).pdf;Check;Not Found (Archive);"=""10673342253486936942""";;
04_report (33).pdf;Check;Not Found (Archive);"=""10673342253418226854""";;
05_report (33).pdf;Check;Not Found (Archive);"=""10673342253418144807""";;
07_report (33).pdf;Check;Not Found (Archive);"=""10673342253419057819""";;
08_report (34).pdf;Check;Not Found (Archive);"=""10673342253487517404""";;
09_report (34).pdf;Check;Not Found (Archive);"=""10673342253486998506""";;
report (33).pdf;Check;Not Found (Archive);"=""10673342253418254726""";;
report (15).pdf;Check;Not Found (Archive);"=""10673342253438124011""";;
02_report - 2025-11-14T132559.402.pdf;Check;Not Found (Archive);"=""10677462254020884677""";;
report (24).pdf;Check;Not Found (Archive);"=""10673342253438295304""";;
report (29).pdf;Check;Not Found (Archive);"=""10673342253438454801""";;
report (31).pdf;Check;Not Found (Archive);"=""10673342253438559670""";;
15_report (46).pdf;Check;Not Found (Archive);"=""10673342253488236751""";;
report (75).pdf;Check;Not Found (Archive);"=""10673342253441998361""";;
report (76).pdf;Check;Not Found (Archive);"=""10673342253442106227""";;
report (77).pdf;Check;Not Found (Archive);"=""10673342253441921644""";;
report (78).pdf;Check;Not Found (Archive);"=""10673342253441943060""";;
report (1).pdf;Check;Not Found (Archive);"=""10673342253470969484""";;
report (2).pdf;Check;Not Found (Archive);"=""10673342253470283573""";;
report (3).pdf;Check;Not Found (Archive);"=""10673342253470110772""";;
report (4).pdf;Check;Not Found (Archive);"=""10673342253470068229""";;
report (5).pdf;Check;Not Found (Archive);"=""10673342253470632409""";;
01_report - 2025-08-20T123747.477.pdf;Check;Not Found (Archive);"=""10677462254020169412""";;
02_report - 2025-08-18T161944.721.pdf;Check;Not Found (Archive);"=""18810533250815075864""";;
02_report - 2025-08-20T123747.477.pdf;Check;Not Found (Archive);"=""10677462254019874078""";;
04_report - 2025-08-18T161944.721.pdf;Check;Not Found (Archive);"=""10677462254019060089""";;
report (90).pdf;Check;Not Found (Archive);"=""10673342253438499430""";;
report (91).pdf;Check;Not Found (Archive);"=""10673342253439033559""";;
report (95).pdf;Check;Not Found (Archive);"=""10673342253442642706""";;
report (96).pdf;Check;Not Found (Archive);"=""10673342253442474137""";;
report (97).pdf;Check;Not Found (Archive);"=""10673342253442642900""";;
report (98).pdf;Check;Not Found (Archive);"=""10673342253442388176""";;
03_report (80).pdf;Check;Not Found (Archive);"=""10673342253493577243""";;
04_report (80).pdf;Check;Not Found (Archive);"=""10673342253494293761""";;
05_report (80).pdf;Check;Not Found (Archive);"=""10673342253494003666""";;
07_report (80).pdf;Check;Not Found (Archive);"=""10673342253493288853""";;
report (10).pdf;Check;Not Found (Archive);"=""10673342253422361060""";;
report (11).pdf;Check;Not Found (Archive);"=""10673342253423418146""";;
report (12).pdf;Check;Not Found (Archive);"=""10673342253423418096""";;
report (15).pdf;Check;Not Found (Archive);"=""10673342253429079106""";;
report (17).pdf;Check;Not Found (Archive);"=""10673342253424039858""";;
report (18).pdf;Check;Not Found (Archive);"=""10673342253424406702""";;
report (22).pdf;Check;Not Found (Archive);"=""10673342253423742415""";;
report (23).pdf;Check;Not Found (Archive);"=""10673342253423844684""";;
report (25).pdf;Check;Not Found (Archive);"=""10673342253424265467""";;
report (26).pdf;Check;Not Found (Archive);"=""10673342253424015592""";;
report (28).pdf;Check;Not Found (Archive);"=""10673342253423699964""";;
report (40).pdf;Check;Not Found (Archive);"=""10673342253422214350""";;
report (42).pdf;Check;Not Found (Archive);"=""10673342253421743724""";;
report (49).pdf;Check;Not Found (Archive);"=""10673342253424606906""";;
report (5).pdf;Check;Not Found (Archive);"=""10673342253429858571""";;
report (53).pdf;Check;Not Found (Archive);"=""10673342253426103928""";;
report (54).pdf;Check;Not Found (Archive);"=""10673342253426865607""";;
report (55).pdf;Check;Not Found (Archive);"=""10673342253426340504""";;
report (57).pdf;Check;Not Found (Archive);"=""10673342253425693543""";;
report (59).pdf;Check;Not Found (Archive);"=""10673342253425743842""";;
report (9).pdf;Check;Not Found (Archive);"=""10673342253422422093""";;
report (26).pdf;Check;Not Found (Archive);"=""10673342253430123443""";;
report (27).pdf;Check;Not Found (Archive);"=""10673342253430615776""";;
report (28).pdf;Check;Not Found (Archive);"=""10673342253430141286""";;
report (37).pdf;Check;Not Found (Archive);"=""10673342253432779571""";;
report (40).pdf;Check;Not Found (Archive);"=""10673342253432858943""";;
report (42).pdf;Check;Not Found (Archive);"=""10673342253425743842""";;
report (44).pdf;Check;Not Found (Archive);"=""10673342253425693543""";;
report (49).pdf;Check;Not Found (Archive);"=""10673342253424606906""";;
report (30).pdf;Check;Not Found (Archive);"=""10673342253474070201""";;
report (31).pdf;Check;Not Found (Archive);"=""10673342253473190920""";;
report (32).pdf;Check;Not Found (Archive);"=""10673342253473935934""";;
report (33).pdf;Check;Not Found (Archive);"=""10673342253473494350""";;
report (42).pdf;Check;Not Found (Archive);"=""10673342253470660705""";;
report (43).pdf;Check;Not Found (Archive);"=""10673342253475269311""";;
report (44).pdf;Check;Not Found (Archive);"=""10673342253470864017""";;
01_Платежки(1).pdf;Check;Not Found (Archive);"=""10673342253408178393""";;
04_Платежки.pdf;Check;Not Found (Archive);"=""10673342253409904292""";;
05_Платежки.pdf;Check;Not Found (Archive);"=""10673342253409683539""";;
06_Платежки.pdf;Check;Not Found (Archive);"=""10673342253408226746""";;
09_Платежки.pdf;Check;Not Found (Archive);"=""10673342253409823357""";;
14_Платежки.pdf;Check;Not Found (Archive);"=""10673342253410147734""";;
16_Платежки.pdf;Check;Not Found (Archive);"=""10673342253408685511""";;
18_Платежки.pdf;Check;Not Found (Archive);"=""10673342253409933071""";;
19_Платежки.pdf;Check;Not Found (Archive);"=""18810561250127055806""";;
02_report - 2025-06-23T150505.875.pdf;Check;Not Found (Archive);"=""10673342253424524586""";;
05_report - 2025-06-23T150505.875.pdf;Check;Not Found (Archive);"=""10673342253424048644""";;
06_report - 2025-06-23T150505.875.pdf;Check;Not Found (Archive);"=""10673342253424406737""";;
07_report - 2025-06-23T150505.875.pdf;Check;Not Found (Archive);"=""10673342253424015304""";;
03_report - 2025-12-23T114640.278.pdf;Check;Not Found (Archive);"=""10677462254058043221""";;
04_report - 2025-12-23T114640.278.pdf;Check;Not Found (Archive);"=""10677462254058061929""";;
05_report - 2025-12-23T114640.278.pdf;Check;Not Found (Archive);"=""10677462254058043246""";;
06_report - 2025-12-23T114640.278.pdf;Check;Not Found (Archive);"=""10677462254058099489""";;
07_report - 2025-12-23T114640.278.pdf;Check;Not Found (Archive);"=""10677462254058083930""";;
08_report - 2025-12-23T114640.278.pdf;Check;Not Found (Archive);"=""10677462254058102285""";;
09_report - 2025-12-23T114640.278.pdf;Check;Not Found (Archive);"=""10677462254058119439""";;
10_report - 2025-12-23T114640.278.pdf;Check;Not Found (Archive);"=""10677462254058075571""";;
01_report - 2025-05-26T094820.213.pdf;Check;Not Found (Archive);"=""10673342253496233189""";;
02_report - 2025-05-26T094820.213.pdf;Check;Not Found (Archive);"=""10673342253400406303""";;
04_report - 2025-05-26T094820.213.pdf;Check;Not Found (Archive);"=""10673342253476625324""";;
05_report - 2025-05-26T094820.213.pdf;Check;Not Found (Archive);"=""10673342253496458725""";;
06_report - 2025-05-26T094820.213.pdf;Check;Not Found (Archive);"=""10673342253495495449""";;
08_report - 2025-05-26T094820.213.pdf;Check;Not Found (Archive);"=""10673342253495978148""";;
09_report - 2025-05-26T094820.213.pdf;Check;Not Found (Archive);"=""10673342253496270637""";;
report - 2025-03-20T125950.552.pdf;Check;Not Found (Archive);"=""10673342253443620518""";;
report - 2025-03-20T130007.359.pdf;Check;Not Found (Archive);"=""10673342253443987944""";;
report - 2025-03-21T133450.538.pdf;Check;Not Found (Archive);"=""10673342253444116513""";;
report - 2025-03-21T133506.296.pdf;Check;Not Found (Archive);"=""10673342253445079689""";;
report - 2025-03-21T133520.748.pdf;Check;Not Found (Archive);"=""10673342253444646601""";;
report - 2025-03-21T133544.535.pdf;Check;Not Found (Archive);"=""10673342253444405434""";;
report - 2025-03-21T133602.808.pdf;Check;Not Found (Archive);"=""10673342253444646628""";;
report - 2025-03-21T133659.753.pdf;Check;Not Found (Archive);"=""10673342253444646628""";;
report - 2025-03-21T133716.338.pdf;Check;Not Found (Archive);"=""10673342253444695939""";;
report - 2025-03-21T133737.386.pdf;Check;Not Found (Archive);"=""10673342253444929700""";;
report - 2025-03-27T083451.000.pdf;Check;Not Found (Archive);"=""10673342253449583675""";;
report - 2025-03-27T083547.033.pdf;Check;Not Found (Archive);"=""10673342253449427053""";;
report - 2025-03-27T083609.822.pdf;Check;Not Found (Archive);"=""10673342253449215188""";;
01_report - 2025-05-27T102154.561.pdf;Check;Not Found (Archive);"=""10673342253476625324""";;
report - 2025-03-27T165305.724.pdf;Check;Not Found (Archive);"=""10673342253450361141""";;
report - 2025-03-27T165319.544.pdf;Check;Not Found (Archive);"=""10673342253450585252""";;
report - 2025-03-27T165336.045.pdf;Check;Not Found (Archive);"=""10673342253450556333""";;
report - 2025-03-27T165419.170.pdf;Check;Not Found (Archive);"=""10673342253449777208""";;
report - 2025-03-28T095733.059.pdf;Check;Not Found (Archive);"=""10673342253451293883""";;
report - 2025-03-28T095749.561.pdf;Check;Not Found (Archive);"=""10673342253451257909""";;
report - 2025-03-28T095819.474.pdf;Check;Not Found (Archive);"=""10673342253451298656""";;
report - 2025-03-28T095844.750.pdf;Check;Not Found (Archive);"=""10673342253451110248""";;
report - 2025-03-28T095901.095.pdf;Check;Not Found (Archive);"=""10673342253451149588""";;
01_report - 2025-05-29T094147.380.pdf;Check;Not Found (Archive);"=""10673342253404093776""";;
02_report - 2025-05-29T094147.380.pdf;Check;Not Found (Archive);"=""10673342253403530277""";;
04_report - 2025-05-29T094147.380.pdf;Check;Not Found (Archive);"=""10673342253404088004""";;
05_report - 2025-05-29T094147.380.pdf;Check;Not Found (Archive);"=""10673342253403607342""";;
report (13).pdf;Check;Not Found (Archive);"=""10673342253479642106""";;
report (14).pdf;Check;Not Found (Archive);"=""10673342253479960485""";;
report (15).pdf;Check;Not Found (Archive);"=""10673342253480127252""";;
report (16).pdf;Check;Not Found (Archive);"=""10673342253480166916""";;
report (2).pdf;Check;Not Found (Archive);"=""10673342253476498020""";;
report (3).pdf;Check;Not Found (Archive);"=""10673342253476569092""";;
report (4).pdf;Check;Not Found (Archive);"=""10673342253476579179""";;
report (5).pdf;Check;Not Found (Archive);"=""10673342253477041309""";;
report (8).pdf;Check;Not Found (Archive);"=""10673342253481532789""";;
01_report - 2025-05-30T102036.236.pdf;Check;Not Found (Archive);"=""10673342253405545492""";;
02_report - 2025-05-30T102036.236.pdf;Check;Not Found (Archive);"=""10673342253406374667""";;
03_report - 2025-05-30T102036.236.pdf;Check;Not Found (Archive);"=""10673342253405256253""";;
04_report - 2025-05-30T102036.236.pdf;Check;Not Found (Archive);"=""10673342253404455449""";;
05_report - 2025-05-30T102036.236.pdf;Check;Not Found (Archive);"=""10673342253404481865""";;
06_report - 2025-05-30T102036.236.pdf;Check;Not Found (Archive);"=""10673342253405768521""";;
01_report (1).pdf;Check;Not Found (Archive);"=""10673342253481736627""";;
02_report (1).pdf;Check;Not Found (Archive);"=""10673342253481813346""";;
03_report (1).pdf;Check;Not Found (Archive);"=""10673342253482319825""";;
04_report (1).pdf;Check;Not Found (Archive);"=""10673342253481815993""";;
05_report (1).pdf;Check;Not Found (Archive);"=""10673342253481882331""";;
05_report (19).pdf;Check;Not Found (Archive);"=""10673342253483816016""";;
05_report - 2025-05-05T081454.467.pdf;Check;Not Found (Archive);"=""10673342253481532789""";;
06_report (1).pdf;Check;Not Found (Archive);"=""10673342253482530828""";;
07_report (1).pdf;Check;Not Found (Archive);"=""10673342253482436244""";;
08_report (19).pdf;Check;Not Found (Archive);"=""10673342253483643103""";;
09_report (19).pdf;Check;Not Found (Archive);"=""10673342253483795345""";;
11_report (19).pdf;Check;Not Found (Archive);"=""10673342253483596563""";;
report (66).pdf;Check;Not Found (Archive);"=""10673342253475982727""";;
report (68).pdf;Check;Not Found (Archive);"=""10673342253476107943""";;
report (69).pdf;Check;Not Found (Archive);"=""10673342253475670873""";;
08_report - 2024-12-24T153733.408.pdf;Check;Not Found (Archive);"=""10673342243495233755""";;
13_report - 2024-12-24T153733.408.pdf;Check;Not Found (Archive);"=""10673342243494956635""";;
1586 10673621240232703630-175-1л.pdf;Check;Not Found (Archive);"=""10673621240232703630""";;
report (13).pdf;Check;Not Found (Archive);"=""10673342253420400424""";;
report (14).pdf;Check;Not Found (Archive);"=""10673342253420238910""";;
report (15).pdf;Check;Not Found (Archive);"=""10673342253420345342""";;
report (17).pdf;Check;Not Found (Archive);"=""10673342253420090409""";;
report (22).pdf;Check;Not Found (Archive);"=""10673342253423742415""";;
report (23).pdf;Check;Not Found (Archive);"=""10673342253423844684""";;
report (25).pdf;Check;Not Found (Archive);"=""10673342253424265467""";;
report (26).pdf;Check;Not Found (Archive);"=""10673342253424015592""";;
report (28).pdf;Check;Not Found (Archive);"=""10673342253423699964""";;
report (37).pdf;Check;Not Found (Archive);"=""10673342243462669139""";;
report (39).pdf;Check;Not Found (Archive);"=""10673342243462420939""";;
report (40).pdf;Check;Not Found (Archive);"=""10673342243463024298""";;
report (41).pdf;Check;Not Found (Archive);"=""10673342243462715531""";;
report (42).pdf;Check;Not Found (Archive);"=""10673342243462741182""";;
report (43).pdf;Check;Not Found (Archive);"=""10673342243462878897""";;
report - 2024-11-19T151631.756.pdf;Check;Not Found (Archive);"=""10673342243477228907""";;
report - 2024-11-19T151653.298.pdf;Check;Not Found (Archive);"=""10673342243476310286""";;
report - 2024-11-19T151709.876.pdf;Check;Not Found (Archive);"=""10673342243477131938""";;
report - 2024-11-19T151727.090.pdf;Check;Not Found (Archive);"=""10673342243477211850""";;
report - 2024-12-02T084949.791.pdf;Check;Not Found (Archive);"=""10673342243482082192""";;
report - 2024-12-02T085041.176.pdf;Check;Not Found (Archive);"=""10673342243480831775""";;
report - 2024-12-16T103732.174.pdf;Check;Not Found (Archive);"=""10673342243489093556""";;
report - 2024-12-20T104233.365.pdf;Check;Not Found (Archive);"=""10673342243493360326""";;
report - 2024-12-20T104306.808.pdf;Check;Not Found (Archive);"=""10673342243493304183""";;
report - 2024-12-23T102058.541.pdf;Check;Not Found (Archive);"=""10673342243493503984""";;
report - 2024-12-23T102142.765.pdf;Check;Not Found (Archive);"=""10673342243493564193""";;
report - 2024-12-27T103523.830.pdf;Check;Not Found (Archive);"=""10673342243496209222""";;
report - 2024-12-27T103550.119.pdf;Check;Not Found (Archive);"=""10673342243495770211""";;
report - 2024-12-27T103619.942.pdf;Check;Not Found (Archive);"=""10673342243496007279""";;
report - 2024-12-27T103741.200.pdf;Check;Not Found (Archive);"=""10673342243496375472""";;
report - 2024-12-27T104038.890.pdf;Check;Not Found (Archive);"=""10673342243497488947""";;
report - 2025-01-16T130545.891.pdf;Check;Not Found (Archive);"=""10673342253402640591""";;
report - 2025-01-23T093257.065.pdf;Check;Not Found (Archive);"=""10673342253407626074""";;
report - 2025-01-23T093325.943.pdf;Check;Not Found (Archive);"=""10673342253407586714""";;
report - 2025-02-04T104550.456.pdf;Check;Not Found (Archive);"=""10673342253412300009""";;
report - 2025-02-04T151937.749.pdf;Check;Not Found (Archive);"=""10673342253413375142""";;
report - 2025-02-04T151956.184.pdf;Check;Not Found (Archive);"=""10673342253413133998""";;
report - 2025-02-04T152015.250.pdf;Check;Not Found (Archive);"=""10673342253413090393""";;
report - 2025-02-04T152056.471.pdf;Check;Not Found (Archive);"=""10673342253412860187""";;
report - 2025-02-04T152116.471.pdf;Check;Not Found (Archive);"=""10673342253412563425""";;
report - 2025-02-04T152131.674.pdf;Check;Not Found (Archive);"=""10673342253412375122""";;
report - 2025-02-10T131448.719.pdf;Check;Not Found (Archive);"=""10673342253415056710""";;
report - 2025-02-10T131515.892.pdf;Check;Not Found (Archive);"=""10673342253415373562""";;
report - 2025-02-10T131600.046.pdf;Check;Not Found (Archive);"=""10673342253415133014""";;
report - 2025-02-10T131616.711.pdf;Check;Not Found (Archive);"=""10673342253413981484""";;
report - 2025-02-10T131646.670.pdf;Check;Not Found (Archive);"=""10673342253414769098""";;
report - 2025-02-10T131706.300.pdf;Check;Not Found (Archive);"=""10673342253414322594""";;
report - 2025-02-10T131729.649.pdf;Check;Not Found (Archive);"=""10673342253413752841""";;
report - 2025-02-10T131745.045.pdf;Check;Not Found (Archive);"=""10673342253413699371""";;
report - 2025-02-11T151242.225.pdf;Check;Not Found (Archive);"=""10673342253416438978""";;
report - 2025-02-11T151259.155.pdf;Check;Not Found (Archive);"=""10673342253415998333""";;
report - 2025-02-11T151332.327.pdf;Check;Not Found (Archive);"=""10673342253416602050""";;
report - 2025-02-11T151347.441.pdf;Check;Not Found (Archive);"=""10673342253415585519""";;
report - 2025-02-11T151422.315.pdf;Check;Not Found (Archive);"=""10673342253415841027""";;
Платежки.pdf;Check;Not Found (Archive);"=""10673342253408685511""";;
report - 2024-12-23T102058.541.pdf;Check;Not Found (Archive);"=""10673342243493503984""";;
report - 2024-12-23T102142.765.pdf;Check;Not Found (Archive);"=""10673342243493564193""";;
12_report - 2026-02-16T090109.743.pdf;Check;Not Found (Archive);"=""10673342243461940106""";;
15_report - 2026-02-16T090109.743.pdf;Check;Not Found (Archive);"=""10673342243461869509""";;
23_report - 2026-02-16T090109.743.pdf;Check;Not Found (Archive);"=""10673342243462128200""";;
25_report - 2026-02-16T090109.743.pdf;Check;Not Found (Archive);"=""10673342243462067104""";;
27_report - 2026-02-16T090109.743.pdf;Check;Not Found (Archive);"=""10673342243461990570""";;
report - 2024-11-21T095013.488.pdf;Check;Not Found (Archive);"=""10673342243479800918""";;
report - 2024-11-21T095041.825.pdf;Check;Not Found (Archive);"=""10673342243481016420""";;
report - 2024-11-21T095215.191.pdf;Check;Not Found (Archive);"=""10673342243481131815""";;
report - 2024-11-21T095402.230.pdf;Check;Not Found (Archive);"=""10673342243478659502""";;
